Track URI,Track Name,Album Name,Artist Name(s),Release Date,Duration (ms),Popularity,Explicit,Added By,Added At,Genres,Record Label,Danceability,Energy,Key,Loudness,Mode,Speechiness,Acousticness,Instrumentalness,Liveness,Valence,Tempo,Time Signature
spotify:track:2bCQHF9gdG5BNDVuEIEnNk,"Smooth Criminal - 2012 Remaster","Bad 25th Anniversary","Michael Jackson",2012-09-18,257760,76,false,313y5ptmkb7u7bzanr5epu5ftfja,2021-06-28T15:02:01Z,"","Epic/Legacy",0.853,0.981,8,-3.947,1,0.0751,0.247,0.468,0.306,0.595,118.193,4
spotify:track:2wSAWEYUHkt92X4SBAPqZE,"Karma Chameleon - Remastered 2002","Colour By Numbers (Remastered / Expanded Edition)","Culture Club",1983-10-01,252773,78,false,313y5ptmkb7u7bzanr5epu5ftfja,2021-06-28T15:02:51Z,"","EMI Marketing",0.668,0.73,10,-7.182,1,0.0366,0.225,0,0.188,0.894,92.049,4
spotify:track:7wnagOAqma4Sg6JOGjWr5R,"Big in Japan - 2019 Remaster","Forever Young (Super Deluxe Edition; 2019 Remaster)","Alphaville",1984,284625,64,false,313y5ptmkb7u7bzanr5epu5ftfja,2021-06-28T15:03:03Z,"synthpop","WM Germany",0.757,0.596,7,-8.039,1,0.0339,0.0409,0.0447,0.171,0.195,97.769,4
spotify:track:2aEuA8PSqLa17Y4hKPj5rr,"Cheri Cheri Lady","Let's Talk About Love","Modern Talking",1985,226333,83,false,313y5ptmkb7u7bzanr5epu5ftfja,2021-06-28T15:03:19Z,"disco italiana,europop,eurodance","Hansa Local",0.677,0.616,10,-13.826,1,0.032,0.458,0.0132,0.349,0.851,114.223,4
spotify:track:1fP4i0PcURseJwS392c2fU,"Somebody Is Watching Me","Somebody Is Watchin' Me","Rockwell",1985,236586,50,false,313y5ptmkb7u7bzanr5epu5ftfja,2021-06-28T15:03:33Z,"","12" Golden Dance Classics",0.842,0.397,0,-13.239,0,0.0433,0.0243,0.0000659,0.0987,0.923,125.653,4
spotify:track:2d8D7uk3tbAThjRkdfrx9c,"Voyage voyage","François","Desireless",2001-01-02,266600,76,false,313y5ptmkb7u7bzanr5epu5ftfja,2021-06-28T15:03:41Z,"","Choice of Music",0.606,0.913,8,-6.039,0,0.0351,0.246,0.00696,0.34,0.838,123.58,4
spotify:track:6JNJERZGJwDVgkmbohBw7u,"Self Control","Self Control","Laura Branigan",1984,246440,80,false,313y5ptmkb7u7bzanr5epu5ftfja,2021-06-28T15:04:08Z,"","Rhino Atlantic",0.814,0.686,6,-12.172,0,0.0342,0.219,0.00382,0.155,0.778,106.679,4
spotify:track:2WfaOiMkCvy7F5fcp2zZ8L,"Take on Me","Hunting High and Low","a-ha",1985-06-01,225280,90,false,313y5ptmkb7u7bzanr5epu5ftfja,2021-06-28T15:04:17Z,"new wave,synthpop","Rhino",0.573,0.902,6,-7.638,0,0.054,0.018,0.00125,0.0928,0.876,84.412,4
spotify:track:1TfqLAPs4K3s2rJMoCokcS,"Sweet Dreams (Are Made of This) - 2005 Remaster","Sweet Dreams (Are Made Of This)","Eurythmics,Annie Lennox,Dave Stewart",1983-01-04,216933,85,false,313y5ptmkb7u7bzanr5epu5ftfja,2021-06-28T15:04:28Z,"new wave,synthpop","RCA Records Label",0.692,0.711,0,-7.498,0,0.0317,0.225,0,0.12,0.875,125.135,4
spotify:track:6r8k1vznHrzlEKYxL4dZEe,"La Isla Bonita","True Blue","Madonna",1986-06-30,242733,79,false,313y5ptmkb7u7bzanr5epu5ftfja,2021-06-28T15:04:53Z,"","Warner Records",0.724,0.822,1,-4.374,0,0.0333,0.304,0.0000138,0.0553,0.964,99.9,4
spotify:track:1ChulFMnwxoD74Me8eX2TU,"You Spin Me Round (Like a Record)","Evolution: The Hits","Dead Or Alive",1983,195146,77,false,313y5ptmkb7u7bzanr5epu5ftfja,2021-06-28T15:05:04Z,"hi-nrg,synthpop","Epic",0.554,0.963,6,-3.762,0,0.035,0.000244,0.0702,0.431,0.918,128.175,4
spotify:track:0qi4b1l0eT3jpzeNHeFXDT,"Just Can't Get Enough","Speak and Spell (Deluxe)","Depeche Mode",1981-11-02,220893,77,false,313y5ptmkb7u7bzanr5epu5ftfja,2021-06-28T15:05:05Z,"new wave,synthpop,dark wave","Venusnote Ltd.",0.766,0.772,0,-9.362,1,0.0353,0.403,0.0584,0.183,0.919,128.168,4
spotify:track:4cVHMHgmWgudD399ZdhQ3L,"Let's Dance - 2002 Remaster","Let's Dance","David Bowie",1983,247600,67,false,313y5ptmkb7u7bzanr5epu5ftfja,2021-06-28T15:05:07Z,"glam rock,art rock","Parlophone UK",0.654,0.641,8,-9.771,1,0.0482,0.00535,0.00321,0.209,0.794,114.696,4
spotify:track:4YZPNMikflNQnTs67GfKKX,"The Wild Boys - Live at Oakland Coliseum Oakland CA 14/04/1984; 2004 Remaster","Arena","Duran Duran",1984-11-12,258973,57,false,313y5ptmkb7u7bzanr5epu5ftfja,2021-06-28T15:05:10Z,"new wave,synthpop","Parlophone UK",0.753,0.826,11,-7.128,0,0.0614,0.373,0,0.113,0.649,115.797,4
spotify:track:4cOdK2wGLETKBW3PvgPWqT,"Never Gonna Give You Up","Whenever You Need Somebody","Rick Astley",1987-11-12,213573,7,false,313y5ptmkb7u7bzanr5epu5ftfja,2021-06-28T15:05:21Z,"","BMG Rights Management (UK) Ltd",0.721,0.939,8,-11.823,1,0.0376,0.115,0.0000379,0.108,0.914,113.309,4
spotify:track:273uCXd7NPrInaiNqtkOrA,"Tarzan Boy","Living In The Background","Baltimora",1985-01-01,378946,76,false,313y5ptmkb7u7bzanr5epu5ftfja,2021-06-28T15:05:30Z,"disco italiana","Capitol Records",0.684,0.573,5,-12.3,1,0.0261,0.318,0.028,0.306,0.716,107.363,4
spotify:track:6cNTGVmP2CzJpLQ01QIaD0,"Living on My Own - Single Edit","Messenger Of The Gods: The Singles Collection","Freddie Mercury",2016-09-02,185480,1,false,313y5ptmkb7u7bzanr5epu5ftfja,2021-06-28T15:05:33Z,"","EMI",0.775,0.554,9,-8.536,0,0.0316,0.0125,0.0000109,0.387,0.77,133.252,4
spotify:track:3ISKwLMuxKyp8mkxYpRzSa,"Sounds Like a Melody","First Harvest 1984-1992","Alphaville,Bernhard Lloyd",1991-12-17,267906,58,false,313y5ptmkb7u7bzanr5epu5ftfja,2021-06-28T15:05:44Z,"synthpop","Warner Records",0.649,0.872,7,-8.534,1,0.0414,0.121,0.000185,0.255,0.604,97.437,4
spotify:track:0ikz6tENMONtK6qGkOrU3c,"Wake Me Up Before You Go-Go","Make It Big","Wham!",1984-10-23,231333,82,false,313y5ptmkb7u7bzanr5epu5ftfja,2021-06-28T15:05:58Z,"navidad","Columbia",0.62,0.573,0,-11.893,1,0.0423,0.271,0,0.0607,0.897,81.548,4
spotify:track:1BqnZOkYJbvYLOhN0qPJDm,"Ma Baker","Love For Sale","Boney M.",1977,276080,70,false,313y5ptmkb7u7bzanr5epu5ftfja,2021-06-28T15:06:09Z,"disco","MCI",0.746,0.76,2,-6.009,0,0.105,0.0342,0.0000218,0.31,0.902,128.976,4
spotify:track:5zWZ9iNevP0397xB3jWV2z,"Brother Louie","Ready For Romance","Modern Talking",1986,222666,79,false,313y5ptmkb7u7bzanr5epu5ftfja,2021-06-28T15:06:15Z,"disco italiana,europop,eurodance","Hansa Local",0.783,0.836,0,-9.223,0,0.0486,0.396,0.0236,0.135,0.831,108.966,4
spotify:track:3cbV252akVZInSvJk7jAYX,"Flashdance...What a Feeling - Radio Edit","What a Feelin'","Irene Cara",1983-11-02,237053,78,false,313y5ptmkb7u7bzanr5epu5ftfja,2021-06-28T15:06:26Z,"","UNIDISC MUSIC INC.",0.572,0.655,7,-7.027,0,0.0344,0.00579,0.00000341,0.0901,0.392,122.49,4
spotify:track:7iAqvWLgZzXvH38lA06QZg,"I Want To Break Free","Bohemian Rhapsody (The Original Soundtrack)","Queen",2018-10-19,223080,74,false,313y5ptmkb7u7bzanr5epu5ftfja,2021-06-28T15:06:46Z,"rock clásico,rock,glam rock","EMI",0.807,0.414,4,-8.903,1,0.0352,0.105,0.0000278,0.0813,0.502,108.944,4
spotify:track:3S2R0EVwBSAVMd5UMgKTL0,"Thriller","Thriller 25 Super Deluxe Edition","Michael Jackson",2008-02-08,357266,71,false,313y5ptmkb7u7bzanr5epu5ftfja,2021-06-28T15:07:57Z,"","Epic/Legacy",0.773,0.859,11,-4.913,1,0.0747,0.0855,0.000187,0.914,0.813,118.459,4
spotify:track:2KH16WveTQWT6KOG9Rg6e2,"Eye of the Tiger","Rocky IV","Survivor",1985,245640,80,false,313y5ptmkb7u7bzanr5epu5ftfja,2021-06-28T15:08:28Z,"","Volcano/Legacy",0.817,0.599,0,-9.249,0,0.0328,0.132,0.000311,0.0873,0.548,108.873,4
spotify:track:2zjt2hHBbiv5SuxYg8Z7eP,"Girls Just Want to Have Fun","She's So Unusual: A 30th Anniversary Celebration (Deluxe Edition)","Cyndi Lauper",2014-03-28,238120,68,false,313y5ptmkb7u7bzanr5epu5ftfja,2021-06-28T15:08:50Z,"","Epic/Legacy",0.707,0.788,6,-5.269,1,0.0333,0.214,0.000571,0.308,0.746,120.465,4
spotify:track:40dJCw4xU6Bd5ie9rfagNo,"Everybody Wants To Rule The World","Songs From The Big Chair","Tears For Fears",1985-02-25,251480,4,false,313y5ptmkb7u7bzanr5epu5ftfja,2021-06-28T15:09:29Z,"new wave,synthpop","Universal Music Group",0.637,0.811,7,-11.345,1,0.0583,0.363,0.00451,0.107,0.552,112.053,4
spotify:track:4NnWuGQujzWUEg0uZokO5M,"Just Like Heaven","Kiss Me Kiss Me Kiss Me","The Cure",1987-01-01,212013,78,false,313y5ptmkb7u7bzanr5epu5ftfja,2021-06-28T15:09:57Z,"new wave,post-punk,rock gótico,dark wave","UMC (Universal Music Catalogue)",0.437,0.94,9,-6.946,1,0.0426,0.0524,0.000573,0.222,0.48,151.417,4
spotify:track:3PS1Q0c2VNKQMIiUusjlFf,"Young Guns (Go for It!)","Fantastic","Wham!",1983-07-09,236200,52,false,313y5ptmkb7u7bzanr5epu5ftfja,2021-06-28T15:10:05Z,"navidad","Epic",0.895,0.753,9,-9.222,0,0.0825,0.201,0.0047,0.153,0.589,117.932,4
spotify:track:1FvDJ9KGxcqwv1utyPL3JZ,"This Charming Man - 2011 Remaster","The Smiths","The Smiths",1984-02-20,162920,80,false,313y5ptmkb7u7bzanr5epu5ftfja,2021-06-28T15:10:13Z,"new wave,madchester,jangle pop","WM UK",0.611,0.846,11,-5.9,1,0.0436,0.00509,0,0.0784,0.751,103.912,4
spotify:track:4jDmJ51x1o9NZB5Nxxc7gY,"Careless Whisper","Ladies And Gentlemen... The Best Of George Michael","George Michael",1998-11-09,300106,16,false,313y5ptmkb7u7bzanr5epu5ftfja,2021-06-28T15:10:38Z,"","Sony Music Entertainment",0.574,0.628,2,-8.815,0,0.036,0.13,0,0.271,0.803,153.119,4
spotify:track:31MOjWj3CT3dCQsMV2b8Wu,"Blue Monday '88","The Best of New Order","New Order",1994-01-01,244720,69,false,313y5ptmkb7u7bzanr5epu5ftfja,2021-06-28T15:10:47Z,"new wave,synthpop,post-punk,madchester","London Records",0.681,0.893,7,-8.485,1,0.0378,0.0000647,0.383,0.0626,0.951,130.475,4
spotify:track:4XX1pFUkQOZTYp6Hb6a6Ae,"Venus","True Confessions (Collector's Edition)","Bananarama",1986-01-01,229164,72,false,313y5ptmkb7u7bzanr5epu5ftfja,2021-06-28T15:10:57Z,"hi-nrg","London Records (Because Ltd)",0.722,0.961,9,-4.812,1,0.0514,0.0883,0.61,0.278,0.911,126.113,4
spotify:track:0Zn63G0XTiqXwr1KSmARWz,"You're My Heart You're My Soul","The First & Second Album (30th Anniversary Edition)","Modern Talking",1985,334600,72,false,313y5ptmkb7u7bzanr5epu5ftfja,2021-06-28T15:11:04Z,"disco italiana,europop,eurodance","Sony Music Catalog",0.845,0.541,1,-9.029,0,0.0748,0.0586,0.0586,0.149,0.79,117.362,4
spotify:track:3z8h0TU7ReDPLIbEnYhWZb,"Bohemian Rhapsody","Bohemian Rhapsody (The Original Soundtrack)","Queen",2018-10-19,354947,77,false,313y5ptmkb7u7bzanr5epu5ftfja,2021-06-28T15:11:43Z,"rock clásico,rock,glam rock","EMI",0.39,0.395,0,-9.966,0,0.0501,0.288,0,0.207,0.247,144.32,4
spotify:track:7LNP6YNYDeMgBeG4JBfAdq,"(I'll Never Be) Maria Magdalena - Single Verison","Ten On One","Sandra",1987-01-01,239826,68,false,313y5ptmkb7u7bzanr5epu5ftfja,2021-06-28T15:13:34Z,"disco italiana","Virgin",0.613,0.559,2,-14.127,1,0.0268,0.0992,0.0205,0.314,0.772,104.1,4
spotify:track:6nz1ojKuYx5HO7Vh0wmuWp,"Vuela Vuela (Voyage Voyage)","La Historia De Magneto","Magneto",2007-06-12,265466,69,false,313y5ptmkb7u7bzanr5epu5ftfja,2021-06-28T15:14:01Z,"pop latino,retro pop","Columbia",0.667,0.777,5,-11.435,0,0.0293,0.000247,0.00111,0.0602,0.797,124.947,4
spotify:track:4mVLzFbc3gaCoWCEENLouc,"Domino Dancing","Discography - Complete Singles Collection","Pet Shop Boys",1998-03-31,258333,69,false,313y5ptmkb7u7bzanr5epu5ftfja,2021-06-28T15:14:12Z,"synthpop,new wave","Parlophone UK",0.645,0.923,9,-9.781,0,0.0441,0.0876,0.00359,0.0303,0.81,109.988,4
spotify:track:1xPSDf8z4dH46gkvlLtvDO,"Maniac","Flashdance Original Soundtrack From The Motion Picture","Michael Sembello",1983-01-01,244706,8,false,313y5ptmkb7u7bzanr5epu5ftfja,2021-06-28T15:14:40Z,"","Casablanca Records",0.617,0.533,3,-11.516,0,0.0651,0.0891,0.00000404,0.0415,0.835,158.86,4
spotify:track:2yzPBlE5UXK2sqvnNM9QQ0,"West End Girls - 2001 Remaster","Please","Pet Shop Boys",1986-03-24,285733,2,false,313y5ptmkb7u7bzanr5epu5ftfja,2021-06-28T15:15:13Z,"synthpop,new wave","Parlophone UK",0.651,0.949,4,-6.566,0,0.0403,0.00737,0.125,0.286,0.61,113.257,4
spotify:track:6WEBIVqiEsevfgJefTyuQQ,"Too Shy","White Feathers","Kajagoogoo",1983,221520,63,false,313y5ptmkb7u7bzanr5epu5ftfja,2021-06-28T15:15:29Z,"synthpop,new wave","Parlophone UK",0.702,0.871,10,-6.728,0,0.0926,0.127,0.0000418,0.0819,0.664,107.982,4
spotify:track:2S7Vgu6bqD3zq2XRMRypKb,"Raising My Family","Sweet Emotions","80' Factory",2012-09-06,253306,38,false,313y5ptmkb7u7bzanr5epu5ftfja,2021-06-28T15:15:42Z,"","EMP Music s.r.o.",0.631,0.944,8,-2.621,1,0.125,0.0834,0.0000864,0.0696,0.662,172.031,4
spotify:track:75aJSaJWuu6iq48LzKxPuQ,"Love in Siberia - 2009 Remastered Version","Laban 4","Laban",2009-12-28,297000,44,false,313y5ptmkb7u7bzanr5epu5ftfja,2021-06-28T15:15:49Z,"dansktop,disco italiana","Parlophone Denmark",0.61,0.874,4,-7.325,0,0.0385,0.0224,0.00307,0.0808,0.756,117.289,4
spotify:track:1sySpMud8bvFU9SVfcrzrc,"Living On Video","Living On Video","Trans-X",1986,354333,2,false,313y5ptmkb7u7bzanr5epu5ftfja,2021-06-28T15:16:12Z,"hi-nrg,disco italiana,italo dance,disco","UNIDISC MUSIC INC.",0.7,0.649,7,-9.981,0,0.0331,0.000108,0.67,0.0858,0.965,131.056,4
spotify:track:0R4mVKev4tWhSs1JSv7h1g,"Domino Dancing - 2001 Remaster","Introspective","Pet Shop Boys",1988-10-11,460800,0,false,313y5ptmkb7u7bzanr5epu5ftfja,2021-06-28T15:16:43Z,"synthpop,new wave","Parlophone UK",0.642,0.979,4,-4.102,0,0.0462,0.066,0.135,0.0259,0.788,110.026,4
spotify:track:46RVKt5Edm1zl0rXhPJZxz,"Down Under","The Best Of Men At Work: Contraband","Men At Work",1996-02-01,220866,71,false,313y5ptmkb7u7bzanr5epu5ftfja,2021-06-28T15:17:02Z,"","Columbia",0.746,0.79,11,-4.7,0,0.0257,0.0485,0.0261,0.0534,0.891,107.231,4
spotify:track:0wokCRaKD0zPNhMRXAgVsr,"Ordinary World","Duran Duran","Duran Duran",1993-02-15,340200,81,false,313y5ptmkb7u7bzanr5epu5ftfja,2021-06-28T15:17:12Z,"new wave,synthpop","Parlophone UK",0.473,0.652,1,-10.171,0,0.0305,0.0132,0.0000113,0.14,0.401,140.117,4
spotify:track:0ftKr33EWYb5A1u0kzYplw,"Just We Two (Mona Lisa)","Ready For Romance","Modern Talking",1986,238333,57,false,313y5ptmkb7u7bzanr5epu5ftfja,2021-06-28T15:17:38Z,"disco italiana,europop,eurodance","Hansa Local",0.757,0.777,0,-8.919,1,0.0359,0.125,0.000297,0.287,0.853,118.203,4
spotify:track:1wrT33b6HuKlpk9ziscEUY,"Baby Jane - 2008 Remaster","Body Wishes","Rod Stewart",1983,283493,73,false,313y5ptmkb7u7bzanr5epu5ftfja,2021-06-28T15:18:53Z,"rock suave","Rhino/Warner Records",0.641,0.796,2,-8.56,0,0.0407,0.0137,0.000115,0.358,0.727,123.229,4
spotify:track:7J5B4k0AT8KIoV5KiUa4o7,"You're a Woman","Hot Girls Bad Boys","Bad Boys Blue",1985-11-15,321840,3,false,313y5ptmkb7u7bzanr5epu5ftfja,2021-06-28T15:19:05Z,"disco italiana,italo dance,eurodance,europop,hi-nrg","Coconut Music",0.737,0.308,0,-12.438,0,0.0426,0.0296,0.000507,0.313,0.769,118.218,4
spotify:track:2epRW3O5YLwiqcxOdaI4Mm,"Major Tom (...völlig losgelöst)","Fehler Im System","Peter Schilling",1982-12-03,299560,60,false,313y5ptmkb7u7bzanr5epu5ftfja,2021-06-28T15:19:09Z,"neue deutsche welle,synthpop","WM Germany",0.791,0.469,4,-10.782,0,0.063,0.146,0.0187,0.108,0.862,163.065,4
spotify:track:566U7bjbnK0I3RxObVVpA9,"Can't Take My Eyes Off You - Original Extended Version","Disc Charge","Boys Town Gang",1982-04-09,589546,63,false,313y5ptmkb7u7bzanr5epu5ftfja,2021-06-28T15:19:53Z,"hi-nrg,disco","High Fashion Music",0.651,0.754,10,-10.421,1,0.0302,0.00985,0.00427,0.139,0.664,129.619,4
spotify:track:1i8isuRSQWFX9qKnaI5hrt,"Voyage voyage - Maxi","François","Desireless",2001-01-02,403586,53,false,313y5ptmkb7u7bzanr5epu5ftfja,2021-06-28T15:20:08Z,"","Choice of Music",0.596,0.939,11,-5.975,1,0.0477,0.0619,0.0552,0.281,0.873,125.092,4
spotify:track:5VsGSRAnyrTPrmcOacdLfj,"Only Love Can Break My Heart","Original 80's","Modern Talking",2014-03-24,216920,39,false,313y5ptmkb7u7bzanr5epu5ftfja,2021-06-28T15:20:17Z,"disco italiana,europop,eurodance","Sony Music Catalog",0.775,0.843,9,-6.624,1,0.0271,0.281,0.00000252,0.0978,0.93,111.082,4
spotify:track:2GMxS3x59raBvdX9SFNmtC,"Only You","Tonight","Savage",1984-01-01,233640,56,false,313y5ptmkb7u7bzanr5epu5ftfja,2021-06-28T15:21:00Z,"disco italiana,italo dance,hi-nrg","DWA Records",0.791,0.513,0,-15.03,1,0.0264,0.109,0.00922,0.076,0.97,108.361,4
spotify:track:0MSAWjq5aWfTUNL9hv7Epd,"In The Heat Of The Night","18 Greatest Hits","Sandra",1992-01-01,301933,63,false,313y5ptmkb7u7bzanr5epu5ftfja,2021-06-28T15:21:02Z,"disco italiana","Virgin",0.636,0.913,0,-8.838,1,0.0311,0.00257,0.106,0.194,0.698,123.28,4
spotify:track:5burXYqqO8z0GEnltThZKw,"Geronimo's Cadillac","In The Middle Of Nowhere","Modern Talking",1986,198493,66,false,313y5ptmkb7u7bzanr5epu5ftfja,2021-06-28T15:21:18Z,"disco italiana,europop,eurodance","Hansa Local",0.691,0.785,5,-10.144,0,0.0521,0.428,0,0.473,0.722,110.376,4
spotify:track:5vdp5UmvTsnMEMESIF2Ym7,"Another One Bites The Dust - Remastered 2011","The Game (2011 Remaster)","Queen",1980-06-27,214653,84,false,313y5ptmkb7u7bzanr5epu5ftfja,2021-06-28T15:22:41Z,"rock clásico,rock,glam rock","EMI",0.933,0.528,5,-6.472,0,0.161,0.112,0.312,0.163,0.754,109.967,4
spotify:track:5lWFrW5T3JtxVCLDb7etPu,"Bad - 2012 Remaster","Bad 25th Anniversary","Michael Jackson",2012-09-18,247360,70,false,313y5ptmkb7u7bzanr5epu5ftfja,2021-06-28T15:23:18Z,"","Epic/Legacy",0.787,0.889,8,-3.786,1,0.0397,0.00462,0.423,0.0665,0.394,114.091,4
spotify:track:1MMYuuvnD3O9Sn90gDabv9,"Fashion - 2017 Remaster","Scary Monsters (And Super Creeps) [2017 Remaster]","David Bowie",1980,290480,53,false,313y5ptmkb7u7bzanr5epu5ftfja,2021-06-28T15:24:01Z,"glam rock,art rock","Parlophone UK",0.855,0.723,0,-9.508,1,0.0378,0.549,0.144,0.083,0.962,109.235,4
spotify:track:2374M0fQpWi3dLnB54qaLX,"Africa","Toto IV","TOTO",1982-04-08,295893,90,false,313y5ptmkb7u7bzanr5epu5ftfja,2021-06-28T15:29:05Z,"yacht rock,rock suave","Columbia",0.671,0.373,9,-18.064,1,0.0323,0.257,0.0000801,0.0481,0.732,92.718,4
spotify:track:1fZasbaEfFWhbJBkzUnWTq,"Live Is Life","Take Me Home Tonight","Opus",2011-01-01,244666,0,false,313y5ptmkb7u7bzanr5epu5ftfja,2021-06-28T15:37:07Z,"","Universal Records",0.613,0.922,9,-1.993,0,0.0384,0.256,0.00000105,0.982,0.651,93.578,4
spotify:track:33SNO8AaciGbNaQFkxvPrW,"Kiwi","Harry Styles","Harry Styles",2017-05-12,176386,73,false,313y5ptmkb7u7bzanr5epu5ftfja,2021-06-28T15:37:21Z,"","Columbia",0.375,0.93,2,-2.631,1,0.0561,0.00064,0,0.318,0.491,147.124,4
spotify:track:1e9oZCCiX42nJl0AcqriVo,"Watermelon Sugar","Watermelon Sugar","Harry Styles",2019-11-17,174000,5,false,313y5ptmkb7u7bzanr5epu5ftfja,2021-06-28T15:37:28Z,"","Columbia",0.548,0.816,0,-4.209,1,0.0465,0.122,0,0.335,0.557,95.39,4
spotify:track:6naxalmIoLFWR0siv8dnQQ,"Oops!...I Did It Again","Oops!... I Did It Again","Britney Spears",2000-05-16,211160,85,false,313y5ptmkb7u7bzanr5epu5ftfja,2021-06-28T15:37:36Z,"pop","Jive",0.751,0.834,1,-5.444,0,0.0437,0.3,0.0000177,0.355,0.894,95.053,4
spotify:track:4zCBOd2TO8rW1zRvfFxLOh,"A Little Respect","Singles: EBX2","Erasure",1999-12-13,207693,1,false,313y5ptmkb7u7bzanr5epu5ftfja,2021-06-28T15:43:31Z,"synthpop,new wave","Mute, a BMG Company",0.595,0.858,0,-6.009,1,0.0286,0.108,0.0000033,0.346,0.724,113.815,4
spotify:track:76pyWH7ZLr6q4kJZS3MmEE,"Live Is Life","Tonight At The Opera (Live)","Opus",2010-04-16,299373,60,false,313y5ptmkb7u7bzanr5epu5ftfja,2021-07-06T18:50:18Z,"","Opuspocus Records",0.378,0.875,9,-7.123,0,0.254,0.0458,0,0.953,0.636,95.915,4
spotify:track:6WK9dVrRABMkUXFLNlgWFh,"Enjoy the Silence","The Singles 86-98","Depeche Mode",1998-09-28,255133,77,false,313y5ptmkb7u7bzanr5epu5ftfja,2021-07-06T18:51:18Z,"new wave,synthpop,dark wave","Venusnote Ltd.",0.663,0.838,0,-5.744,0,0.0286,0.2,0.000177,0.0782,0.752,112.788,4
spotify:track:6pYbhX5gYix4ESpbSUArnA,"Devuélveme a mi chica","Lo Mejor De Los Hombres G","Hombres G",1999-03-26,194080,60,false,313y5ptmkb7u7bzanr5epu5ftfja,2021-07-06T20:13:32Z,"rock en español,rock latino,rock mexicano","WM Spain",0.594,0.936,9,-4.722,0,0.0944,0.0224,0.000351,0.191,0.39,172.547,4
spotify:track:46idz0a11hAT5Yjs8EpSiE,"Cuando Pase el Temblor","4 Décadas de Rock en Tu Idioma","Soda Stereo",2014-07-15,230293,55,false,313y5ptmkb7u7bzanr5epu5ftfja,2021-07-06T20:14:06Z,"rock en español,rock latino,rock argentino,música alternativa latina","RCA Records Label",0.631,0.505,0,-13.55,1,0.0348,0.0527,0.000684,0.0827,0.819,93.92,4
spotify:track:5PXaja7dpezSS8nSDsyfb7,"Nell'aria","Un'ora con...","Marcella Bella",2012-09-25,236813,49,false,313y5ptmkb7u7bzanr5epu5ftfja,2021-07-06T20:15:42Z,"cantautores italianos,italo dance","Columbia",0.659,0.72,6,-6.54,1,0.0296,0.013,0,0.311,0.567,102.342,4
spotify:track:3hVaK0zn3sVWWY8TvN1Te5,"Cuando Calienta El Sol","Soy Como Quiero Ser","Luis Miguel",1987-07-15,236413,70,false,313y5ptmkb7u7bzanr5epu5ftfja,2021-07-06T20:16:42Z,"mariachi,bolero,pop latino,villancicos","WM Mexico",0.686,0.868,0,-3.889,1,0.0504,0.0738,0,0.287,0.557,125.768,4
spotify:track:1uKjQoh8JZj9ryuYRhpd7E,"Ahora Te Puedes Marchar","Soy Como Quiero Ser","Luis Miguel",1987-07-15,191973,81,false,313y5ptmkb7u7bzanr5epu5ftfja,2021-07-06T20:17:05Z,"mariachi,bolero,pop latino,villancicos","WM Mexico",0.78,0.877,6,-3.683,0,0.0427,0.148,0.00000236,0.0627,0.909,133.263,4
spotify:track:2ad8RivzdhuGwiRIldxGq5,"The Safety Dance (Extended Club Mix)","Greatest","Men Without Hats",2013-02-11,273453,52,false,313y5ptmkb7u7bzanr5epu5ftfja,2021-07-06T20:35:23Z,"synthpop,new wave","Demon Digital",0.737,0.781,0,-6.452,1,0.0394,0.0238,0.00000511,0.121,0.237,101.477,4
spotify:track:3L7RtEcu1Hw3OXrpnthngx,"Don't You Want Me","Dare!","The Human League",1981,236920,81,false,313y5ptmkb7u7bzanr5epu5ftfja,2021-07-06T20:35:40Z,"new wave,synthpop","Virgin Records",0.731,0.738,9,-8.125,0,0.0377,0.184,0,0.214,0.958,117.656,4
spotify:track:5prTs2HAw2G4idHZyeFp8o,"Total Eclipse of the Heart","The Very Best Of Bonnie Tyler","Bonnie Tyler",1999-02-08,269786,5,false,313y5ptmkb7u7bzanr5epu5ftfja,2021-07-06T20:46:45Z,"","Columbia",0.435,0.658,8,-8.179,1,0.0661,0.195,0,0.102,0.184,130.276,4
spotify:track:3EYOJ48Et32uATr9ZmLnAo,"Roxanne","Outlandos D'Amour (Remastered 2003)","The Police",1978-11-02,191946,82,false,313y5ptmkb7u7bzanr5epu5ftfja,2021-07-06T20:49:35Z,"","Polydor Records",0.618,0.748,0,-8.905,1,0.358,0.0384,0.0000041,0.0473,0.663,134.114,4
spotify:track:57iDDD9N9tTWe75x6qhStw,"Bitter Sweet Symphony - Remastered 2016","Urban Hymns (Remastered 2016)","The Verve",1997-09-29,357266,86,false,313y5ptmkb7u7bzanr5epu5ftfja,2021-07-12T13:29:47Z,"britpop,shoegaze","UMC (Universal Music Catalogue)",0.356,0.917,9,-6.006,1,0.0479,0.0335,0,0.406,0.518,171.176,4
spotify:track:3XIEWK1V9n25PS9Vb6axj5,"Born to Be Alive - The Original","Born to Be Alive (The Original)","Patrick Hernandez",1978,188133,77,false,313y5ptmkb7u7bzanr5epu5ftfja,2021-08-15T15:00:58Z,"disco,hi-nrg","Van Loo Music",0.704,0.868,2,-5.808,1,0.0315,0.0834,0,0.206,0.808,131.468,4
spotify:track:7Ewz6bJ97vUqk5HdkvguFQ,"Heaven","Reckless (30th Anniversary / Deluxe Edition)","Bryan Adams",1984-11-05,243360,86,false,313y5ptmkb7u7bzanr5epu5ftfja,2021-08-15T15:01:28Z,"","A&M",0.379,0.589,9,-7.315,0,0.027,0.0473,0,0.122,0.334,140.068,4
spotify:track:2gQaQUhDCNGfBVXTvxAmXQ,"Shout","Songs From The Big Chair","Tears For Fears",1985-02-25,393666,78,false,313y5ptmkb7u7bzanr5epu5ftfja,2021-08-15T15:05:52Z,"new wave,synthpop","UMC (Universal Music Catalogue)",0.511,0.942,0,-10.407,1,0.0429,0.174,0.0000187,0.139,0.498,97.909,4
spotify:track:1mCsF9Tw4AkIZOjvZbZZdT,"Break My Stride","I Don't Speak The Language","Matthew Wilder",1983-03-19,184480,76,false,313y5ptmkb7u7bzanr5epu5ftfja,2021-08-15T15:07:11Z,"","Legacy Recordings",0.917,0.588,10,-11.047,1,0.0607,0.195,0,0.0914,0.828,110.077,4
spotify:track:68MSCSP7Y6PnzXcW1IlN7G,"One Way Ticket","4 Hits: Eruption","Eruption",2011-07-15,213200,65,false,313y5ptmkb7u7bzanr5epu5ftfja,2021-08-15T15:15:05Z,"disco","MCI",0.719,0.732,1,-9.227,0,0.0408,0.319,0.00000651,0.0745,0.96,123.569,4
spotify:track:4k6ktr10Hczmh55NY3LfJy,"Holiday","Celebration (double disc version)","Madonna",2009-09-18,368280,61,false,313y5ptmkb7u7bzanr5epu5ftfja,2021-08-15T15:15:23Z,"","Warner Records",0.853,0.796,11,-5.567,0,0.0399,0.0542,0.0018,0.151,0.946,115.626,4
spotify:track:4QlzkaRHtU8gAdwqjWmO8n,"Friday I'm In Love","Wish","The Cure",1992-01-01,215160,80,false,313y5ptmkb7u7bzanr5epu5ftfja,2021-08-15T15:25:15Z,"new wave,post-punk,rock gótico,dark wave","Polydor Records",0.526,0.763,0,-12.663,0,0.0341,0.00126,0.0000675,0.359,0.514,136.205,4
